Event,event_percentage,relative_score,goal,importance
0,0.3866396761,0.3866396761,0.95,1
1,0.0222672065,0.9799595142,0.95,0.9
2,0.0101214575,0.9898785425,0.95,1
3,0.5303643725,0.575708502,0.95,0.8
5,0.0101214575,0.9898785425,0.95,1
6,0.04048583,0.95951417,0.95,1
